05e98b66ff87169bd829708e8197574ca3318c0e,DELETE,regular-file,Check-Log4J.ps1 - Testing for Log4J vulnerability/Fix-Log4J.zip,3533487,
c1c5ca51cfe8af77e5042e55216b79e467cc6d18,DELETE,regular-file,Check-Log4J.ps1 - Testing for Log4J vulnerability/Scan-Log4J.zip,3555364,
b32d7bf7b0d177d53233af18b7274dee3636332c,DELETE,regular-file,Check-Log4J.ps1 - Testing for Log4J vulnerability/Temp Remediation/7z.dll,1679360,
206465ef7f4cf020c613a06ed67d607a37884ce3,DELETE,regular-file,Check-Log4J.ps1 - Testing for Log4J vulnerability/Temp Remediation/Log4J.zip,3929935,
2442d226a2b906d9e523e4a5eff8a929dfcf5f93,DELETE,regular-file,Check-Log4J.ps1 - Testing for Log4J vulnerability/Temp Remediation/log4j2-scan.exe,10749760,
1dbfc456f4c83ef242d2af4a969db2b18304364d,DELETE,regular-file,Check-Log4J.ps1 - Testing for Log4J vulnerability/log4j2-scan.exe,11915072,
55a71097cd2d20c30d86e7d5b8f1b92eeb001b4a,DELETE,regular-file,Get-BadBlockList (Dell TSR - shows files affected after RAID puncture)/DiGiovanni, John/lsi_1109.log,1059073,
2bc761eb410b23832df72a0e6d6464e02e9df077,DELETE,regular-file,Get-BadBlockList (Dell TSR - shows files affected after RAID puncture)/DiGiovanni, John/nfi.log,22111826,
18ffc3813688970372cb93177fcb480a3c72bbd1,DELETE,regular-file,Get-BadBlockList (Dell TSR - shows files affected after RAID puncture)/Korn, Matthew/RAID.Slot.4-1.134283266,1048599,
2a7aab3f6908e459e58b2be8bf99f9d0458a81a5,DELETE,regular-file,Get-BadBlockList (Dell TSR - shows files affected after RAID puncture)/_Old Win2k tool set/oem3sr2.zip,3772278,
c7504380296916e25cab8eec6d1b10371000a94e,DELETE,regular-file,Shutdown-Synology.ps1 - Shutdown Synology unit safely, taskschd script to WOL after/WakeMeOnLan.exe,1077112,
